Admin01;Admin01
DFula;DFula01
ADiaz;ADiaz01
EDiaz;EDiaz01
AMoya;AMoya01
JGomez;JGomez01
MClara;MClara01
Fula01;Fula01
Kevin;Kevin123
